USE `mall_bff_dev`;

CREATE TABLE `navigation`
(
    `id`          int(20) NOT NULL AUTO_INCREMENT COMMENT 'ID',
    `name`        varchar(256) COLLATE utf8mb4_bin  DEFAULT NULL COMMENT '名称',
    `url`         varchar(2048) COLLATE utf8mb4_bin DEFAULT NULL COMMENT '跳转地址',
    `sort`        int(3) DEFAULT NULL COMMENT '排序',
    `create_time` datetime                          DEFAULT CURRENT_TIMESTAMP COMMENT '创建时间',
    `update_time` datetime                          DEFAULT CURRENT_TIMESTAMP COMMENT '修改时间',
    `del_flag`    tinyint(1) DEFAULT '0' COMMENT '删除标记',
    PRIMARY KEY (`id`),
    UNIQUE KEY `id` (`id`)
) ENGINE=InnoDB AUTO_INCREMENT=6 DEFAULT CHARSET=utf8mb4 COLLATE=utf8mb4_bin COMMENT='导航表';

CREATE TABLE `panel`
(
    `id`          bigint(20) NOT NULL AUTO_INCREMENT COMMENT 'ID',
    `name`        varchar(256) DEFAULT NULL COMMENT '名称',
    `position`    int(3) DEFAULT NULL COMMENT '位置',
    `limit_num`   int(3) DEFAULT NULL COMMENT '限制数量',
    `sort_order`  int(3) DEFAULT NULL COMMENT '排序',
    `status`      int(3) DEFAULT NULL COMMENT '状态',
    `type`        int(3) DEFAULT NULL COMMENT '类型',
    `remark`      varchar(512) DEFAULT NULL COMMENT '备注',
    `create_time` datetime     DEFAULT CURRENT_TIMESTAMP COMMENT '创建时间',
    `update_time` datetime     DEFAULT CURRENT_TIMESTAMP COMMENT '修改时间',
    `del_flag`    tinyint(1) DEFAULT '0' COMMENT '删除标记',
    PRIMARY KEY (`id`),
    UNIQUE KEY `id` (`id`)
) ENGINE=InnoDB AUTO_INCREMENT=13 DEFAULT CHARSET=utf8mb4 COMMENT='板块表';

CREATE TABLE `panel_product_relation`
(
    `id`          bigint(20) NOT NULL AUTO_INCREMENT COMMENT 'ID',
    `panel_id`    bigint(20) DEFAULT NULL COMMENT '板块ID',
    `product_id`  bigint(20) DEFAULT NULL COMMENT '商品ID',
    `big_pic`     varchar(256) DEFAULT NULL COMMENT '大图',
    `pic`         varchar(512) DEFAULT NULL COMMENT '图集',
    `sort`        int(3) DEFAULT NULL COMMENT '排序',
    `create_time` datetime     DEFAULT CURRENT_TIMESTAMP COMMENT '创建时间',
    `update_time` datetime     DEFAULT CURRENT_TIMESTAMP COMMENT '修改时间',
    `del_flag`    tinyint(1) DEFAULT '0' COMMENT '删除标记',
    PRIMARY KEY (`id`),
    UNIQUE KEY `id` (`id`)
) ENGINE=InnoDB AUTO_INCREMENT=39 DEFAULT CHARSET=utf8mb4 COMMENT='板块商品关联表';

INSERT INTO `navigation` (`id`, `name`, `url`, `sort`, `create_time`, `update_time`, `del_flag`)
VALUES ('1', '付费社群', 'https://magestack.cn/planet.html', '1', '2023-04-13 13:01:03', '2023-04-13 13:01:03', '0'),
       ('2', 'Hippo4j动态线程池', 'https://github.com/opengoofy/hippo4j', '2', '2023-04-12 11:06:03',
        '2023-04-12 11:06:03', '0'),
       ('3', '代码地址', 'https://github.com/opengoofy/congomall', '3', '2023-04-13 13:01:03', '2023-04-13 13:01:03',
        '0'),
       ('4', 'SQL字典翻译框架', 'https://github.com/opengoofy/crane4j', '4', '2023-04-13 13:01:03',
        '2023-04-13 13:01:03', '0'),
       ('5', '视频教程', 'https://magestack.cn/preparation/video.html', '5', '2023-04-20 15:45:39',
        '2023-04-20 15:45:39', '0');

INSERT INTO `panel` (`id`, `name`, `position`, `limit_num`, `sort_order`, `status`, `type`, `remark`, `create_time`,
                     `update_time`, `del_flag`)
VALUES ('1', '热门商品', '0', '3', '2', '1', '2', NULL, '2023-04-13 09:28:12', '2023-04-13 09:28:12', '0'),
       ('2', '官方精选', '0', '8', '3', '1', '3', NULL, '2023-04-13 09:30:04', '2023-04-13 09:30:04', '0'),
       ('3', '品牌精选', '0', '7', '5', '1', '3', NULL, '2023-04-13 09:31:36', '2023-04-13 09:31:36', '0'),
       ('7', '轮播图', '0', '5', '0', '1', '0', NULL, '2023-04-13 09:28:12', '2023-04-13 09:28:12', '0'),
       ('8', '活动版块', '0', '4', '1', '1', '1', NULL, '2023-04-13 09:28:12', '2023-04-13 09:28:12', '0'),
       ('9', '活动版块2', '0', '4', '7', '1', '1', NULL, '2023-04-13 09:32:10', '2023-04-13 09:32:10', '0'),
       ('10', '品牌周边', '0', '7', '4', '1', '3', NULL, '2023-04-13 09:30:58', '2023-04-13 09:30:58', '0'),
       ('12', '为您推荐', '1', '2', '0', '1', '2', NULL, '2023-04-13 09:30:58', '2023-04-13 09:30:58', '0');

INSERT INTO `panel_product_relation` (`id`, `panel_id`, `product_id`, `big_pic`, `pic`, `sort`, `create_time`,
                                      `update_time`, `del_flag`)
VALUES ('1', '7', '1647581868712787968', 'https://ooo.0o0.ooo/2019/09/30/CAZ6QrXPBoh5aIT.png',
        'https://ooo.0o0.ooo/2019/09/30/CAZ6QrXPBoh5aIT.png,https://ooo.0o0.ooo/2019/09/30/9Y5MHc8sfhJLk3u.png,https://ooo.0o0.ooo/2019/09/30/lLv8xp3IWqa7Oz6.png',
        '0', '2023-04-16 21:51:11', '2023-04-16 21:51:11', '0'),
       ('2', '7', '1647582624404733952', 'https://ooo.0o0.ooo/2018/11/04/5bdeba4028e90.png',
        'https://ooo.0o0.ooo/2018/11/04/5bdeba4028e90.png,https://ooo.0o0.ooo/2018/11/04/5bdebb109a29a.png,https://ooo.0o0.ooo/2018/11/04/5bdeba6753403.png',
        '1', '2023-04-16 21:51:11', '2023-04-16 21:51:11', '0'),
       ('3', '7', '1647581868712787968', 'https://s1.ax1x.com/2018/05/19/Ccdiid.png',
        'https://s1.ax1x.com/2018/05/19/Ccdiid.png', '2', '2023-04-16 21:51:11', '2023-04-16 21:51:11', '0'),
       ('4', '8', '1647582624404733952', 'https://resource.smartisan.com/resource/6/610400xinpinpeijian.jpg',
        'https://resource.smartisan.com/resource/6/610400xinpinpeijian.jpg', '0', '2023-04-16 21:51:11',
        '2023-04-16 21:51:11', '0'),
       ('5', '8', '1647581868712787968', 'https://resource.smartisan.com/resource/6/610400yijiuhuanxin.jpg',
        'https://resource.smartisan.com/resource/6/610400yijiuhuanxin.jpg', '1', '2023-04-16 21:51:11',
        '2023-04-16 21:51:11', '0'),
       ('6', '8', '1647582624404733952', 'https://resource.smartisan.com/resource/4/489673079577637073.png',
        'https://resource.smartisan.com/resource/4/489673079577637073.png', '2', '2023-04-16 21:51:11',
        '2023-04-16 21:51:11', '0'),
       ('7', '8', '1647581868712787968', 'https://resource.smartisan.com/resource/fe6ab43348a43152b4001b4454d206ac.jpg',
        'https://resource.smartisan.com/resource/fe6ab43348a43152b4001b4454d206ac.jpg', '3', '2023-04-16 21:51:11',
        '2023-04-16 21:51:11', '0'),
       ('8', '1', '1647581868712787968', 'https://ooo.0o0.ooo/2018/07/13/5b48a7f468bf2.png',
        'https://ooo.0o0.ooo/2018/07/13/5b48a7f468bf2.png', '0', '2023-04-16 21:51:11', '2023-04-16 21:51:11', '0'),
       ('9', '1', '1647582624404733952', 'https://ooo.0o0.ooo/2020/07/24/6BV9uTwaqModbYL.png',
        'https://ooo.0o0.ooo/2020/07/24/6BV9uTwaqModbYL.png', '1', '2023-04-16 21:51:11', '2023-04-16 21:51:11', '0'),
       ('10', '2', '1647777981810081792', NULL, NULL, '0', '2023-04-16 21:51:11', '2023-04-16 21:51:11', '0'),
       ('11', '2', '1647778797803536384', NULL, NULL, '1', '2023-04-16 21:51:11', '2023-04-16 21:51:11', '0'),
       ('12', '2', '1647779363573202944', NULL, NULL, '2', '2023-04-16 21:51:11', '2023-04-16 21:51:11', '0'),
       ('13', '2', '1647782365793091584', NULL, NULL, '3', '2023-04-16 21:51:11', '2023-04-16 21:51:11', '0'),
       ('14', '2', '1647783108105207808', NULL, NULL, '4', '2023-04-16 21:51:11', '2023-04-16 21:51:11', '0'),
       ('15', '2', '1647783876426203136', NULL, NULL, '5', '2023-04-16 21:51:11', '2023-04-16 21:51:11', '0'),
       ('16', '2', '1647784417420115968', NULL, NULL, '6', '2023-04-16 21:51:11', '2023-04-16 21:51:11', '0'),
       ('17', '10', '1647788115844136960', NULL, NULL, '0', '2023-04-17 02:47:59', '2023-04-17 02:47:59', '0'),
       ('18', '10', '1647788969091399680', NULL, NULL, '1', '2023-04-16 21:51:11', '2023-04-16 21:51:11', '0'),
       ('19', '10', '1647790006267281408', NULL, NULL, '2', '2023-04-16 21:51:11', '2023-04-16 21:51:11', '0'),
       ('20', '10', '1647790707097731072', NULL, NULL, '3', '2023-04-16 21:51:11', '2023-04-16 21:51:11', '0'),
       ('21', '10', '1647791225895387136', NULL, NULL, '4', '2023-04-16 21:51:11', '2023-04-16 21:51:11', '0'),
       ('22', '10', '1647791976487059456', NULL, NULL, '5', '2023-04-16 21:51:11', '2023-04-16 21:51:11', '0'),
       ('23', '10', '1647792528780427264', NULL, NULL, '6', '2023-04-16 21:51:11', '2023-04-16 21:51:11', '0'),
       ('24', '3', '1647794693754322944', NULL, NULL, '0', '2023-04-16 21:51:11', '2023-04-16 21:51:11', '0'),
       ('25', '3', '1647795373797801984', NULL, NULL, '1', '2023-04-16 21:51:11', '2023-04-16 21:51:11', '0'),
       ('26', '3', '1647796110271447040', NULL, NULL, '2', '2023-04-16 21:51:11', '2023-04-16 21:51:11', '0'),
       ('27', '3', '1647797092950736896', NULL, NULL, '3', '2023-04-16 21:51:11', '2023-04-16 21:51:11', '0'),
       ('28', '3', '1647797850492370944', NULL, NULL, '4', '2023-04-16 21:51:11', '2023-04-16 21:51:11', '0'),
       ('29', '3', '1647798317083525120', NULL, NULL, '5', '2023-04-16 21:51:11', '2023-04-16 21:51:11', '0'),
       ('30', '3', '1647799053083213824', NULL, NULL, '6', '2023-04-16 21:51:11', '2023-04-16 21:51:11', '0'),
       ('31', '9', '1647581868712787968',
        'https://resource.smartisan.com/resource/f82c9e2774ce0e391a17f1b20c1e0c90.jpg',
        'https://resource.smartisan.com/resource/f82c9e2774ce0e391a17f1b20c1e0c90.jpg', '0', '2023-04-16 21:51:11',
        '2023-04-16 21:51:11', '0'),
       ('32', '9', '1647582624404733952',
        'https://resource.smartisan.com/resource/5ea6f0905535d7b11258e9a0f9b1abeb.jpg',
        'https://resource.smartisan.com/resource/5ea6f0905535d7b11258e9a0f9b1abeb.jpg', '1', '2023-04-16 21:51:11',
        '2023-04-16 21:51:11', '0'),
       ('33', '9', '1647581868712787968',
        'https://resource.smartisan.com/resource/c245ada282824a4a15e68bec80502ad4.jpg',
        'https://resource.smartisan.com/resource/c245ada282824a4a15e68bec80502ad4.jpg', '2', '2023-04-16 21:51:11',
        '2023-04-16 21:51:11', '0'),
       ('34', '9', '1647582624404733952', 'https://resource.smartisan.com/resource/m/minibanner_03.jpg',
        'https://resource.smartisan.com/resource/m/minibanner_03.jpg', '3', '2023-04-16 21:51:11',
        '2023-04-16 21:51:11', '0'),
       ('35', '11', '1647581868712787968', 'https://ooo.0o0.ooo/2018/07/13/5b48a7f468bf2.png',
        'https://ooo.0o0.ooo/2018/07/13/5b48a7f468bf2.png', '0', '2023-04-16 21:51:11', '2023-04-16 21:51:11', '0'),
       ('36', '11', '1647582624404733952', 'https://ooo.0o0.ooo/2020/07/24/6BV9uTwaqModbYL.png',
        'https://ooo.0o0.ooo/2020/07/24/6BV9uTwaqModbYL.png', '1', '2023-04-16 21:51:11', '2023-04-16 21:51:11', '0'),
       ('37', '12', '1647581868712787968', 'https://ooo.0o0.ooo/2018/07/13/5b48a7f468bf2.png',
        'https://ooo.0o0.ooo/2018/07/13/5b48a7f468bf2.png', '0', '2023-04-16 21:51:11', '2023-04-16 21:51:11', '0'),
       ('38', '12', '1647582624404733952', 'https://ooo.0o0.ooo/2020/07/24/6BV9uTwaqModbYL.png',
        'https://ooo.0o0.ooo/2020/07/24/6BV9uTwaqModbYL.png', '1', '2023-04-16 21:51:11', '2023-04-16 21:51:11', '0');
